"customer_name","segment","region","order_date","amount"
"Customer 001","Consumer","North","2025-01-01","160.39"
"Customer 002","Consumer","South","2025-01-02","129.66"
"Customer 003","SMB","East","2025-01-03","105.68"
"Customer 004","Consumer","West","2025-01-04","81.70"
"Customer 005","Enterprise","North","2025-01-05","120.67"
"Customer 007","Consumer","East","2025-01-07","139.41"
"Customer 008","Consumer","West","2025-01-08","107.93"
"Customer 009","SMB","North","2025-01-09","790.95"
"Customer 011","Consumer","East","2025-01-11","2775.89"
"Customer 013","Consumer","North","2025-01-13","1831.93"
"Customer 014","Consumer","South","2025-01-14","1061.44"
"Customer 015","Enterprise","East","2025-01-15","1003.42"
"Customer 016","Consumer","West","2025-01-16","1993.89"
"Customer 017","Consumer","North","2025-01-17","1476.41"
"Customer 019","Consumer","East","2025-01-19","176.20"
"Customer 021","SMB","North","2025-01-21","298.13"
"Customer 022","Consumer","South","2025-01-22","239.66"
"Customer 023","Consumer","East","2025-01-23","1797.68"
"Customer 025","Enterprise","North","2025-01-25","3909.92"
"Customer 026","Consumer","South","2025-01-26","2682.39"
"Customer 027","SMB","East","2025-01-27","1731.41"
"Customer 028","Consumer","West","2025-01-28","1090.43"
"Customer 029","Consumer","North","2025-01-29","666.45"
"Customer 031","Consumer","East","2025-01-31","1890.89"
"Customer 032","Consumer","West","2025-02-01","1913.41"
"Customer 033","SMB","North","2025-02-02","1511.43"
"Customer 034","Consumer","South","2025-02-03","1178.95"
"Customer 035","Enterprise","East","2025-02-04","2122.92"
"Customer 037","Consumer","North","2025-02-06","3361.91"
"Customer 038","Consumer","South","2025-02-07","2658.93"
"Customer 039","SMB","East","2025-02-08","678.95"
"Customer 041","Consumer","North","2025-02-10","1271.39"
"Customer 043","Consumer","East","2025-02-12","213.43"
"Customer 044","Consumer","West","2025-02-13","197.44"
"Customer 045","Enterprise","North","2025-02-14","212.42"
"Customer 046","Consumer","South","2025-02-15","307.39"
"Customer 047","Consumer","East","2025-02-16","920.91"
"Customer 049","Consumer","North","2025-02-18","2167.45"
"Customer 051","SMB","East","2025-02-20","2728.89"
"Customer 052","Consumer","West","2025-02-21","2066.91"
"Customer 053","Consumer","North","2025-02-22","1657.93"
"Customer 055","Enterprise","East","2025-02-24","1466.92"
"Customer 056","Consumer","West","2025-02-25","2094.39"
"Customer 057","SMB","North","2025-02-26","1758.41"
"Customer 058","Consumer","South","2025-02-27","1402.42"
"Customer 059","Consumer","East","2025-02-28","1463.94"
"Customer 061","Consumer","North","2025-03-02","2852.89"
"Customer 062","Consumer","South","2025-03-03","2406.91"
"Customer 063","SMB","East","2025-03-04","586.93"
"Customer 064","Consumer","West","2025-03-05","987.45"
"Customer 065","Enterprise","North","2025-03-06","955.41"
"Customer 067","Consumer","East","2025-03-08","324.41"
"Customer 068","Consumer","West","2025-03-09","298.43"
"Customer 069","SMB","North","2025-03-10","138.20"
"Customer 071","Consumer","East","2025-03-12","4427.14"
"Customer 073","Consumer","North","2025-03-14","5284.93"
"Customer 074","Consumer","South","2025-03-15","1155.45"
"Customer 075","Enterprise","East","2025-03-16","1983.42"
"Customer 076","Consumer","West","2025-03-17","2108.39"
"Customer 077","Consumer","North","2025-03-18","1750.41"
"Customer 079","Consumer","East","2025-03-20","1040.45"
"Customer 081","SMB","North","2025-03-22","1792.39"
"Customer 082","Consumer","South","2025-03-23","1319.91"
"Customer 083","Consumer","East","2025-03-24","1281.93"
"Customer 085","Enterprise","North","2025-03-26","2085.92"
"Customer 086","Consumer","South","2025-03-27","2456.39"
"Customer 087","SMB","East","2025-03-28","1206.41"
"Customer 088","Consumer","West","2025-03-29","1419.43"
"Customer 089","Consumer","North","2025-03-30","593.45"
"Customer 091","Consumer","East","2025-04-01","375.14"
"Customer 092","Consumer","West","2025-04-02","312.66"
"Customer 093","SMB","North","2025-04-03","176.18"
"Customer 094","Consumer","South","2025-04-04","142.95"
"Customer 095","Enterprise","East","2025-04-05","3535.41"
"Customer 097","Consumer","North","2025-04-07","5644.91"
"Customer 098","Consumer","South","2025-04-08","2484.93"
"Customer 099","SMB","East","2025-04-09","1337.95"
"Customer 101","Consumer","North","2025-04-11","1521.39"
"Customer 103","Consumer","East","2025-04-13","815.43"
"Customer 104","Consumer","West","2025-04-14","1030.44"
"Customer 105","Enterprise","North","2025-04-15","1310.42"
"Customer 106","Consumer","South","2025-04-16","2282.89"
"Customer 107","Consumer","East","2025-04-17","2056.91"
"Customer 109","Consumer","North","2025-04-19","1303.94"
"Customer 111","SMB","East","2025-04-21","1324.89"
"Customer 112","Consumer","West","2025-04-22","1355.91"
"Customer 113","Consumer","North","2025-04-23","730.93"
"Customer 115","Enterprise","East","2025-04-25","267.42"
"Customer 116","Consumer","West","2025-04-26","406.39"
"Customer 117","SMB","North","2025-04-27","301.90"
"Customer 118","Consumer","South","2025-04-28","258.93"
"Customer 119","Consumer","East","2025-04-29","2633.94"
"Customer 121","Consumer","North","2025-05-01","5247.39"
"Customer 122","Consumer","South","2025-05-02","2786.41"
"Customer 123","SMB","East","2025-05-03","1760.43"
"Customer 124","Consumer","West","2025-05-04","1077.44"
"Customer 125","Enterprise","North","2025-05-05","1077.42"
"Customer 127","Consumer","East","2025-05-07","1089.91"
"Customer 128","Consumer","West","2025-05-08","1284.92"
"Customer 129","SMB","North","2025-05-09","790.95"
"Customer 131","Consumer","East","2025-05-11","2845.89"
"Customer 133","Consumer","North","2025-05-13","1831.93"
"Customer 134","Consumer","South","2025-05-14","1043.45"
"Customer 135","Enterprise","East","2025-05-15","1031.92"
"Customer 136","Consumer","West","2025-05-16","1993.89"
"Customer 137","Consumer","North","2025-05-17","1476.41"
"Customer 139","Consumer","East","2025-05-19","182.19"
"Customer 141","SMB","North","2025-05-21","286.89"
"Customer 142","Consumer","South","2025-05-22","245.66"
"Customer 143","Consumer","East","2025-05-23","1797.68"
"Customer 145","Enterprise","North","2025-05-25","3774.92"
"Customer 146","Consumer","South","2025-05-26","2832.39"
"Customer 147","SMB","East","2025-05-27","1731.41"
"Customer 148","Consumer","West","2025-05-28","1090.43"
"Customer 149","Consumer","North","2025-05-29","600.45"
"Customer 151","Consumer","East","2025-05-31","1890.89"
"Customer 152","Consumer","West","2025-06-01","1883.41"
"Customer 153","SMB","North","2025-06-02","1547.42"
"Customer 154","Consumer","South","2025-06-03","1178.95"
"Customer 155","Enterprise","East","2025-06-04","2122.92"
"Customer 157","Consumer","North","2025-06-06","3611.90"
"Customer 158","Consumer","South","2025-06-07","2658.93"
"Customer 159","SMB","East","2025-06-08","678.95"
"Customer 001","Consumer","North","2025-06-10","165.64"
"Customer 003","SMB","East","2025-06-12","104.18"
"Customer 004","Consumer","West","2025-06-13","85.44"
"Customer 005","Enterprise","North","2025-06-14","122.17"
"Customer 006","SMB","South","2025-06-15","164.89"
"Customer 007","Consumer","East","2025-06-16","134.16"
"Customer 009","SMB","North","2025-06-18","2167.45"
"Customer 011","Consumer","East","2025-06-20","2616.39"
"Customer 012","SMB","West","2025-06-21","2092.91"
"Customer 013","Consumer","North","2025-06-22","1657.93"
"Customer 015","Enterprise","East","2025-06-24","1516.92"
"Customer 016","Consumer","West","2025-06-25","2094.39"
"Customer 017","Consumer","North","2025-06-26","1758.41"
"Customer 018","SMB","South","2025-06-27","1378.43"
"Customer 019","Consumer","East","2025-06-28","1493.94"
"Customer 021","SMB","North","2025-06-30","2852.89"
"Customer 022","Consumer","South","2025-07-01","2206.91"
"Customer 023","Consumer","East","2025-07-02","631.92"
"Customer 024","SMB","West","2025-07-03","987.45"
"Customer 025","Enterprise","North","2025-07-04","937.42"
"Customer 027","SMB","East","2025-07-06","324.41"
"Customer 028","Consumer","West","2025-07-07","298.43"
"Customer 029","Consumer","North","2025-07-08","134.20"
"Customer 031","Consumer","East","2025-07-10","4427.14"
"Customer 033","SMB","North","2025-07-12","5059.93"
"Customer 034","Consumer","South","2025-07-13","1245.44"
"Customer 035","Enterprise","East","2025-07-14","1983.42"
"Customer 036","SMB","West","2025-07-15","2080.89"
"Customer 037","Consumer","North","2025-07-16","1760.41"
"Customer 039","SMB","East","2025-07-18","1040.45"
"Customer 041","Consumer","North","2025-07-20","1822.39"
"Customer 042","SMB","South","2025-07-21","1319.91"
"Customer 043","Consumer","East","2025-07-22","1281.93"
"Customer 045","Enterprise","North","2025-07-24","2113.92"
"Customer 046","Consumer","South","2025-07-25","2456.39"
"Customer 047","Consumer","East","2025-07-26","1186.41"
"Customer 048","SMB","West","2025-07-27","1442.42"
"Customer 049","Consumer","North","2025-07-28","593.45"
"Customer 051","SMB","East","2025-07-30","357.14"
"Customer 052","Consumer","West","2025-07-31","318.91"
"Customer 053","Consumer","North","2025-08-01","176.18"
"Customer 054","SMB","South","2025-08-02","142.95"
"Customer 055","Enterprise","East","2025-08-03","3530.92"
"Customer 057","SMB","North","2025-08-05","5644.91"
"Customer 058","Consumer","South","2025-08-06","2471.93"
"Customer 059","Consumer","East","2025-08-07","1436.94"
"Customer 061","Consumer","North","2025-08-09","1521.39"
"Customer 063","SMB","East","2025-08-11","847.43"
"Customer 064","Consumer","West","2025-08-12","1030.44"
"Customer 065","Enterprise","North","2025-08-13","1310.42"
"Customer 066","SMB","South","2025-08-14","2260.39"
"Customer 067","Consumer","East","2025-08-15","2128.90"
"Customer 069","SMB","North","2025-08-17","1276.95"
"Customer 071","Consumer","East","2025-08-19","1324.89"
"Customer 072","SMB","West","2025-08-20","1355.91"
"Customer 073","Consumer","North","2025-08-21","684.93"
"Customer 075","Enterprise","East","2025-08-23","267.42"
"Customer 076","Consumer","West","2025-08-24","406.39"
"Customer 077","Consumer","North","2025-08-25","296.91"
"Customer 078","SMB","South","2025-08-26","268.92"
"Customer 079","Consumer","East","2025-08-27","2633.94"
"Customer 081","SMB","North","2025-08-29","5434.89"
"Customer 082","Consumer","South","2025-08-30","2786.41"
"Customer 083","Consumer","East","2025-08-31","1760.43"
"Customer 084","SMB","West","2025-09-01","1011.45"
"Customer 085","Enterprise","North","2025-09-02","1093.92"
"Customer 087","SMB","East","2025-09-04","1089.91"
"Customer 088","Consumer","West","2025-09-05","1204.93"
"Customer 089","Consumer","North","2025-09-06","840.95"
"Customer 091","Consumer","East","2025-09-08","2775.89"
"Customer 093","SMB","North","2025-09-10","1831.93"
"Customer 094","Consumer","South","2025-09-11","1043.45"
"Customer 095","Enterprise","East","2025-09-12","1003.42"
"Customer 096","SMB","West","2025-09-13","2033.88"
"Customer 097","Consumer","North","2025-09-14","1476.41"
"Customer 099","SMB","East","2025-09-16","176.20"
"Customer 101","Consumer","North","2025-09-18","286.89"
"Customer 102","SMB","South","2025-09-19","239.66"
"Customer 103","Consumer","East","2025-09-20","1887.68"
"Customer 105","Enterprise","North","2025-09-22","3774.92"
"Customer 106","Consumer","South","2025-09-23","2682.39"
"Customer 107","Consumer","East","2025-09-24","1763.91"
"Customer 108","SMB","West","2025-09-25","1090.43"
"Customer 109","Consumer","North","2025-09-26","600.45"
"Customer 111","SMB","East","2025-09-28","1913.39"
"Customer 112","Consumer","West","2025-09-29","1883.41"
"Customer 113","Consumer","North","2025-09-30","1511.43"
"Customer 114","SMB","South","2025-10-01","1223.95"
"Customer 115","Enterprise","East","2025-10-02","2122.92"
"Customer 117","SMB","North","2025-10-04","3361.91"
"Customer 118","Consumer","South","2025-10-05","2670.93"
"Customer 119","Consumer","East","2025-10-06","678.95"
"Customer 121","Consumer","North","2025-10-08","1271.39"
"Customer 123","SMB","East","2025-10-10","210.93"
"Customer 124","Consumer","West","2025-10-11","197.44"
"Customer 125","Enterprise","North","2025-10-12","221.41"
"Customer 126","SMB","South","2025-10-13","307.39"
"Customer 127","Consumer","East","2025-10-14","913.41"
"Customer 129","SMB","North","2025-10-16","2257.45"
"Customer 131","Consumer","East","2025-10-18","2616.39"
"Customer 132","SMB","West","2025-10-19","2066.91"
"Customer 133","Consumer","North","2025-10-20","1822.93"
"Customer 135","Enterprise","East","2025-10-22","1466.92"
"Customer 136","Consumer","West","2025-10-23","2131.89"
"Customer 137","Consumer","North","2025-10-24","1758.41"
"Customer 138","SMB","South","2025-10-25","1378.43"
"Customer 139","Consumer","East","2025-10-26","1463.94"
"Customer 141","SMB","North","2025-10-28","2852.89"
"Customer 142","Consumer","South","2025-10-29","2206.91"
"Customer 143","Consumer","East","2025-10-30","586.93"
"Customer 144","SMB","West","2025-10-31","1025.44"
"Customer 145","Enterprise","North","2025-11-01","937.42"
"Customer 147","SMB","East","2025-11-03","329.41"
"Customer 148","Consumer","West","2025-11-04","298.43"
"Customer 149","Consumer","North","2025-11-05","134.20"
"Customer 151","Consumer","East","2025-11-07","4433.14"
"Customer 153","SMB","North","2025-11-09","5059.93"
"Customer 154","Consumer","South","2025-11-10","1155.45"
"Customer 155","Enterprise","East","2025-11-11","2058.42"
"Customer 156","SMB","West","2025-11-12","2080.89"
"Customer 157","Consumer","North","2025-11-13","1750.41"
"Customer 159","SMB","East","2025-11-15","1040.45"
"Customer 001","Consumer","North","2025-11-17","163.39"
"Customer 002","Consumer","South","2025-11-18","143.90"
"Customer 003","SMB","East","2025-11-19","104.18"
"Customer 005","Enterprise","North","2025-11-21","119.92"
"Customer 006","SMB","South","2025-11-22","167.14"
"Customer 007","Consumer","East","2025-11-23","134.16"
"Customer 008","Consumer","West","2025-11-24","111.68"
"Customer 009","SMB","North","2025-11-25","606.94"
"Customer 011","Consumer","East","2025-11-27","357.14"
"Customer 012","SMB","West","2025-11-28","312.66"
"Customer 013","Consumer","North","2025-11-29","184.18"
"Customer 014","Consumer","South","2025-11-30","142.95"
"Customer 015","Enterprise","East","2025-12-01","3530.92"
"Customer 017","Consumer","North","2025-12-03","5824.91"
"Customer 018","SMB","South","2025-12-04","2471.93"
"Customer 019","Consumer","East","2025-12-05","1337.95"
"Customer 021","SMB","North","2025-12-07","1521.39"
"Customer 023","Consumer","East","2025-12-09","815.43"
"Customer 024","SMB","West","2025-12-10","1055.44"
"Customer 025","Enterprise","North","2025-12-11","1310.42"
"Customer 026","Consumer","South","2025-12-12","2260.39"
"Customer 027","SMB","East","2025-12-13","2056.91"
"Customer 029","Consumer","North","2025-12-15","1276.95"
"Customer 031","Consumer","East","2025-12-17","1374.89"
"Customer 032","Consumer","West","2025-12-18","1355.91"
"Customer 033","SMB","North","2025-12-19","684.93"
"Customer 035","Enterprise","East","2025-12-21","280.92"
"Customer 036","SMB","West","2025-12-22","406.39"
"Customer 037","Consumer","North","2025-12-23","296.91"
"Customer 038","Consumer","South","2025-12-24","258.93"
"Customer 039","SMB","East","2025-12-25","2636.94"
"Customer 041","Consumer","North","2025-12-27","5247.39"
"Customer 042","SMB","South","2025-12-28","2812.41"
"Customer 043","Consumer","East","2025-12-29","1760.43"
"Customer 044","Consumer","West","2025-12-30","1011.45"
"Customer 045","Enterprise","North","2025-12-31","1077.42"
"Customer 047","Consumer","East","2026-01-02","1089.91"
"Customer 048","SMB","West","2026-01-03","1204.93"
"Customer 049","Consumer","North","2026-01-04","790.95"
"Customer 051","SMB","East","2026-01-06","2775.89"
"Customer 053","Consumer","North","2026-01-08","1849.92"
"Customer 054","SMB","South","2026-01-09","1043.45"
"Customer 055","Enterprise","East","2026-01-10","1003.42"
"Customer 056","Consumer","West","2026-01-11","1993.89"
"Customer 057","SMB","North","2026-01-12","1533.91"
"Customer 059","Consumer","East","2026-01-14","176.20"
"Customer 061","Consumer","North","2026-01-16","290.64"
"Customer 062","Consumer","South","2026-01-17","239.66"
"Customer 063","SMB","East","2026-01-18","1797.68"
"Customer 065","Enterprise","North","2026-01-20","3774.92"
"Customer 066","SMB","South","2026-01-21","2682.39"
"Customer 067","Consumer","East","2026-01-22","1731.41"
"Customer 068","Consumer","West","2026-01-23","1156.42"
"Customer 069","SMB","North","2026-01-24","600.45"
"Customer 071","Consumer","East","2026-01-26","1890.89"
"Customer 072","SMB","West","2026-01-27","1947.40"
"Customer 073","Consumer","North","2026-01-28","1511.43"
"Customer 074","Consumer","South","2026-01-29","1178.95"
"Customer 075","Enterprise","East","2026-01-30","2178.91"
"Customer 077","Consumer","North","2026-02-01","3361.91"
"Customer 078","SMB","South","2026-02-02","2658.93"
"Customer 079","Consumer","East","2026-02-03","697.95"
"Customer 081","SMB","North","2026-02-05","1271.39"
"Customer 083","Consumer","East","2026-02-07","233.42"
"Customer 084","SMB","West","2026-02-08","197.44"
"Customer 085","Enterprise","North","2026-02-09","212.42"
"Customer 086","Consumer","South","2026-02-10","314.89"
"Customer 087","SMB","East","2026-02-11","913.41"
"Customer 089","Consumer","North","2026-02-13","2167.45"
"Customer 091","Consumer","East","2026-02-15","2616.39"
"Customer 092","Consumer","West","2026-02-16","2066.91"
"Customer 093","SMB","North","2026-02-17","1657.93"
"Customer 095","Enterprise","East","2026-02-19","1466.92"
"Customer 096","SMB","West","2026-02-20","2094.39"
"Customer 097","Consumer","North","2026-02-21","1782.40"
"Customer 098","Consumer","South","2026-02-22","1378.43"
"Customer 099","SMB","East","2026-02-23","1463.94"
"Customer 101","Consumer","North","2026-02-25","3052.89"
"Customer 102","SMB","South","2026-02-26","2206.91"
"Customer 103","Consumer","East","2026-02-27","586.93"
"Customer 104","Consumer","West","2026-02-28","987.45"
"Customer 105","Enterprise","North","2026-03-01","957.42"
"Customer 107","Consumer","East","2026-03-03","324.41"
"Customer 108","SMB","West","2026-03-04","302.43"
"Customer 109","Consumer","North","2026-03-05","134.20"
"Customer 111","SMB","East","2026-03-07","4427.14"
"Customer 113","Consumer","North","2026-03-09","5059.93"
"Customer 114","SMB","South","2026-03-10","1155.45"
"Customer 115","Enterprise","East","2026-03-11","1983.42"
"Customer 116","Consumer","West","2026-03-12","2100.39"
"Customer 117","SMB","North","2026-03-13","1750.41"
"Customer 119","Consumer","East","2026-03-15","1077.94"
"Customer 121","Consumer","North","2026-03-17","1792.39"
"Customer 122","Consumer","South","2026-03-18","1319.91"
"Customer 123","SMB","East","2026-03-19","1341.93"
"Customer 125","Enterprise","North","2026-03-21","2085.92"
"Customer 126","SMB","South","2026-03-22","2456.39"
"Customer 127","Consumer","East","2026-03-23","1222.40"
"Customer 128","Consumer","West","2026-03-24","1419.43"
"Customer 129","SMB","North","2026-03-25","593.45"
"Customer 131","Consumer","East","2026-03-27","357.14"
"Customer 132","SMB","West","2026-03-28","312.66"
"Customer 133","Consumer","North","2026-03-29","176.18"
"Customer 134","Consumer","South","2026-03-30","147.44"
"Customer 135","Enterprise","East","2026-03-31","3530.92"
"Customer 137","Consumer","North","2026-04-02","5644.91"
"Customer 138","SMB","South","2026-04-03","2696.92"
"Customer 139","Consumer","East","2026-04-04","1337.95"
"Customer 141","SMB","North","2026-04-06","1558.89"
"Customer 143","Consumer","East","2026-04-08","815.43"
"Customer 144","SMB","West","2026-04-09","1030.44"
"Customer 145","Enterprise","North","2026-04-10","1332.92"
"Customer 146","Consumer","South","2026-04-11","2260.39"
"Customer 147","SMB","East","2026-04-12","2056.91"
"Customer 149","Consumer","North","2026-04-14","1332.95"
"Customer 151","Consumer","East","2026-04-16","1324.89"
"Customer 152","Consumer","West","2026-04-17","1401.91"
"Customer 153","SMB","North","2026-04-18","684.93"
"Customer 155","Enterprise","East","2026-04-20","267.42"
"Customer 156","SMB","West","2026-04-21","411.39"
"Customer 157","Consumer","North","2026-04-22","296.91"
"Customer 158","Consumer","South","2026-04-23","258.93"
"Customer 159","SMB","East","2026-04-24","2633.94"
"Customer 001","Consumer","North","2026-04-26","160.39"
"Customer 002","Consumer","South","2026-04-27","129.66"
"Customer 003","SMB","East","2026-04-28","105.68"
"Customer 004","Consumer","West","2026-04-29","81.70"
"Customer 005","Enterprise","North","2026-04-30","120.67"
"Customer 007","Consumer","East","2026-05-02","137.91"
"Customer 008","Consumer","West","2026-05-03","107.93"
"Customer 009","SMB","North","2026-05-04","790.95"
"Customer 011","Consumer","East","2026-05-06","2829.88"
"Customer 013","Consumer","North","2026-05-08","1831.93"
"Customer 014","Consumer","South","2026-05-09","1071.95"
"Customer 015","Enterprise","East","2026-05-10","1003.42"
"Customer 016","Consumer","West","2026-05-11","1993.89"
"Customer 017","Consumer","North","2026-05-12","1476.41"
"Customer 019","Consumer","East","2026-05-14","176.20"
"Customer 021","SMB","North","2026-05-16","286.89"
"Customer 022","Consumer","South","2026-05-17","247.66"
"Customer 023","Consumer","East","2026-05-18","1797.68"
"Customer 025","Enterprise","North","2026-05-20","3924.91"
"Customer 026","Consumer","South","2026-05-21","2682.39"
"Customer 027","SMB","East","2026-05-22","1731.41"
"Customer 028","Consumer","West","2026-05-23","1090.43"
"Customer 029","Consumer","North","2026-05-24","611.45"
"Customer 031","Consumer","East","2026-05-26","1890.89"
"Customer 032","Consumer","West","2026-05-27","1883.41"
"Customer 033","SMB","North","2026-05-28","1573.93"
"Customer 034","Consumer","South","2026-05-29","1178.95"
"Customer 035","Enterprise","East","2026-05-30","2122.92"
"Customer 037","Consumer","North","2026-06-01","3361.91"
"Customer 038","Consumer","South","2026-06-02","2658.93"
"Customer 039","SMB","East","2026-06-03","678.95"
"Customer 041","Consumer","North","2026-06-05","1271.39"
"Customer 043","Consumer","East","2026-06-07","210.93"
"Customer 044","Consumer","West","2026-06-08","206.44"
"Customer 045","Enterprise","North","2026-06-09","212.42"
"Customer 046","Consumer","South","2026-06-10","307.39"
"Customer 047","Consumer","East","2026-06-11","1093.41"
"Customer 049","Consumer","North","2026-06-13","2167.45"
"Customer 051","SMB","East","2026-06-15","2642.39"
"Customer 052","Consumer","West","2026-06-16","2066.91"
"Customer 053","Consumer","North","2026-06-17","1657.93"
"Customer 055","Enterprise","East","2026-06-19","1481.92"
"Customer 056","Consumer","West","2026-06-20","2094.39"
"Customer 057","SMB","North","2026-06-21","1758.41"
"Customer 058","Consumer","South","2026-06-22","1408.42"
"Customer 059","Consumer","East","2026-06-23","1463.94"
"Customer 061","Consumer","North","2026-06-25","2852.89"
"Customer 062","Consumer","South","2026-06-26","2251.91"
"Customer 063","SMB","East","2026-06-27","586.93"
"Customer 064","Consumer","West","2026-06-28","987.45"
"Customer 065","Enterprise","North","2026-06-29","937.42"
"Customer 067","Consumer","East","2026-07-01","324.41"
"Customer 068","Consumer","West","2026-07-02","298.43"
"Customer 069","SMB","North","2026-07-03","140.94"
"Customer 071","Consumer","East","2026-07-05","4427.14"
"Customer 073","Consumer","North","2026-07-07","5149.93"
"Customer 074","Consumer","South","2026-07-08","1155.45"
"Customer 075","Enterprise","East","2026-07-09","1983.42"
"Customer 076","Consumer","West","2026-07-10","2080.89"
"Customer 077","Consumer","North","2026-07-11","1882.40"
"Customer 079","Consumer","East","2026-07-13","1040.45"
"Customer 081","SMB","North","2026-07-15","1792.39"
"Customer 082","Consumer","South","2026-07-16","1319.91"
"Customer 083","Consumer","East","2026-07-17","1281.93"
"Customer 085","Enterprise","North","2026-07-19","2085.92"
"Customer 086","Consumer","South","2026-07-20","2456.39"
"Customer 087","SMB","East","2026-07-21","1186.41"
"Customer 088","Consumer","West","2026-07-22","1466.92"
"Customer 089","Consumer","North","2026-07-23","593.45"
"Customer 091","Consumer","East","2026-07-25","363.39"
"Customer 092","Consumer","West","2026-07-26","312.66"
"Customer 093","SMB","North","2026-07-27","176.18"
"Customer 094","Consumer","South","2026-07-28","142.95"
"Customer 095","Enterprise","East","2026-07-29","3535.42"
"Customer 097","Consumer","North","2026-07-31","5644.91"
"Customer 098","Consumer","South","2026-08-01","2471.93"
"Customer 099","SMB","East","2026-08-02","1387.94"
"Customer 101","Consumer","North","2026-08-04","1521.39"
"Customer 103","Consumer","East","2026-08-06","815.43"
"Customer 104","Consumer","West","2026-08-07","1030.44"
"Customer 105","Enterprise","North","2026-08-08","1310.42"
"Customer 106","Consumer","South","2026-08-09","2332.38"
"Customer 107","Consumer","East","2026-08-10","2056.91"
"Customer 109","Consumer","North","2026-08-12","1276.95"
"Customer 111","SMB","East","2026-08-14","1324.89"
"Customer 112","Consumer","West","2026-08-15","1355.91"
"Customer 113","Consumer","North","2026-08-16","693.93"
"Customer 115","Enterprise","East","2026-08-18","267.42"
"Customer 116","Consumer","West","2026-08-19","406.39"
"Customer 117","SMB","North","2026-08-20","306.90"
"Customer 118","Consumer","South","2026-08-21","258.93"
"Customer 119","Consumer","East","2026-08-22","2633.94"
"Customer 121","Consumer","North","2026-08-24","5382.39"
"Customer 122","Consumer","South","2026-08-25","2786.41"
"Customer 123","SMB","East","2026-08-26","1760.43"
"Customer 124","Consumer","West","2026-08-27","1027.94"
"Customer 125","Enterprise","North","2026-08-28","1077.42"
"Customer 127","Consumer","East","2026-08-30","1089.91"
"Customer 128","Consumer","West","2026-08-31","1254.93"
"Customer 129","SMB","North","2026-09-01","790.95"
"Customer 131","Consumer","East","2026-09-03","2775.89"
"Customer 133","Consumer","North","2026-09-05","1831.93"
"Customer 134","Consumer","South","2026-09-06","1043.45"
"Customer 135","Enterprise","East","2026-09-07","1043.41"
"Customer 136","Consumer","West","2026-09-08","1993.89"
"Customer 137","Consumer","North","2026-09-09","1476.41"
"Customer 139","Consumer","East","2026-09-11","185.19"
"Customer 141","SMB","North","2026-09-13","286.89"
"Customer 142","Consumer","South","2026-09-14","239.66"
"Customer 143","Consumer","East","2026-09-15","1808.92"
"Customer 145","Enterprise","North","2026-09-17","3774.92"
"Customer 146","Consumer","South","2026-09-18","2714.89"
"Customer 147","SMB","East","2026-09-19","1731.41"
"Customer 148","Consumer","West","2026-09-20","1090.43"
"Customer 149","Consumer","North","2026-09-21","600.45"
"Customer 151","Consumer","East","2026-09-23","1890.89"
"Customer 152","Consumer","West","2026-09-24","1883.41"
"Customer 153","SMB","North","2026-09-25","1511.43"
"Customer 154","Consumer","South","2026-09-26","1208.94"
"Customer 155","Enterprise","East","2026-09-27","2122.92"
"Customer 157","Consumer","North","2026-09-29","3373.91"
"Customer 158","Consumer","South","2026-09-30","2658.93"
"Customer 159","SMB","East","2026-10-01","678.95"
"Customer 001","Consumer","North","2026-10-03","164.14"
"Customer 003","SMB","East","2026-10-05","104.18"
"Customer 004","Consumer","West","2026-10-06","83.19"
"Customer 005","Enterprise","North","2026-10-07","123.67"
"Customer 006","SMB","South","2026-10-08","164.89"
"Customer 007","Consumer","East","2026-10-09","134.16"
"Customer 009","SMB","North","2026-10-11","2167.45"
"Customer 011","Consumer","East","2026-10-13","2616.39"
"Customer 012","SMB","West","2026-10-14","2231.90"
"Customer 013","Consumer","North","2026-10-15","1657.93"
"Customer 015","Enterprise","East","2026-10-17","1466.92"
"Customer 016","Consumer","West","2026-10-18","2142.38"
"Customer 017","Consumer","North","2026-10-19","1758.41"
"Customer 018","SMB","South","2026-10-20","1378.43"
"Customer 019","Consumer","East","2026-10-21","1505.94"
"Customer 021","SMB","North","2026-10-23","2852.89"
"Customer 022","Consumer","South","2026-10-24","2206.91"
"Customer 023","Consumer","East","2026-10-25","624.93"
"Customer 024","SMB","West","2026-10-26","987.45"
"Customer 025","Enterprise","North","2026-10-27","937.42"
"Customer 027","SMB","East","2026-10-29","342.41"
"Customer 028","Consumer","West","2026-10-30","298.43"
"Customer 029","Consumer","North","2026-10-31","134.20"
"Customer 031","Consumer","East","2026-11-02","4427.14"
"Customer 033","SMB","North","2026-11-04","5059.93"
"Customer 034","Consumer","South","2026-11-05","1230.44"
"Customer 035","Enterprise","East","2026-11-06","1983.42"
"Customer 036","SMB","West","2026-11-07","2080.89"
"Customer 037","Consumer","North","2026-11-08","1750.41"
"Customer 039","SMB","East","2026-11-10","1040.45"
"Customer 041","Consumer","North","2026-11-12","1882.38"
"Customer 042","SMB","South","2026-11-13","1319.91"
"Customer 043","Consumer","East","2026-11-14","1281.93"
"Customer 045","Enterprise","North","2026-11-16","2235.92"
"Customer 046","Consumer","South","2026-11-17","2456.39"
"Customer 047","Consumer","East","2026-11-18","1186.41"
"Customer 048","SMB","West","2026-11-19","1419.43"
"Customer 049","Consumer","North","2026-11-20","613.45"
"Customer 051","SMB","East","2026-11-22","357.14"
"Customer 052","Consumer","West","2026-11-23","320.66"
"Customer 053","Consumer","North","2026-11-24","176.18"
"Customer 054","SMB","South","2026-11-25","142.95"
"Customer 055","Enterprise","East","2026-11-26","3530.92"
"Customer 057","SMB","North","2026-11-28","5644.91"
"Customer 058","Consumer","South","2026-11-29","2471.93"
"Customer 059","Consumer","East","2026-11-30","1337.95"
"Customer 061","Consumer","North","2026-12-02","1521.39"
"Customer 063","SMB","East","2026-12-04","840.43"
"Customer 064","Consumer","West","2026-12-05","1030.44"
"Customer 065","Enterprise","North","2026-12-06","1310.42"
"Customer 066","SMB","South","2026-12-07","2260.39"
"Customer 067","Consumer","East","2026-12-08","2131.91"
"Customer 069","SMB","North","2026-12-10","1276.95"
"Customer 071","Consumer","East","2026-12-12","1351.89"
"Customer 072","SMB","West","2026-12-13","1355.91"
"Customer 073","Consumer","North","2026-12-14","684.93"
"Customer 075","Enterprise","East","2026-12-16","267.42"
"Customer 076","Consumer","West","2026-12-17","406.39"
"Customer 077","Consumer","North","2026-12-18","296.91"
"Customer 078","SMB","South","2026-12-19","261.92"
"Customer 079","Consumer","East","2026-12-20","2633.94"
